"ANO","COORDENADA_X","COORDENADA_Y","ID_COMPRAVENTA","OBJECTID","point"
"2,012","821,478.7679","1,193,452.8497","5,122","344","POINT (-75.69048600989882 6.343429111661979)"
"2,012","834,859.8","1,189,198.578","2,727","343","POINT (-75.56957489056651 6.30498341189127)"
"2,012","835,353.4759","1,186,939.755","1,237","342","POINT (-75.56511436438171 6.284562608527601)"
"2,012","835,354.64","1,186,940.2841","1,271","341","POINT (-75.56510384678418 6.284567391845306)"
"2,012","834,050.0934","1,186,885.77","2,722","340","POINT (-75.57689036482516 6.28407442224247)"
"2,012","834,194.2594","1,186,725.5575","2,734","339","POINT (-75.57558780208991 6.282626053777558)"
"2,012","834,193.9335","1,186,728.4559","3,035","338","POINT (-75.57559074710856 6.282652256619391)"
"2,012","834,412.6436","1,186,046.8016","1,607","337","POINT (-75.57361461421456 6.276489816973156)"
"2,012","833,246.3829","1,185,746.9205","2,236","336","POINT (-75.58415147366958 6.273778471104727)"
"2,012","829,876.1146","1,185,695.3158","4,797","335","POINT (-75.61460104954527 6.273309950381928)"
"2,012","837,680.8963","1,185,188.941","1,360","334","POINT (-75.54408683687372 6.268734015246468)"
"2,012","834,356.9587","1,184,361.5264","1,533","333","POINT (-75.57411744958068 6.261254126614807)"
"2,012","834,847.9788","1,183,855.1462","2,395","332","POINT (-75.56968125686424 6.256676269981669)"
"2,012","835,296.483","1,183,577.8165","2,401","331","POINT (-75.56562925010498 6.254169100090533)"
"2,012","830,468.2176","1,183,510.5477","2,184","330","POINT (-75.60924986877447 6.253559094250497)"
"2,012","830,429.0909","1,183,433.7737","2,189","329","POINT (-75.60960329719101 6.252864991284911)"
"2,012","834,135.2882","1,183,263.3289","2,187","328","POINT (-75.57611993322709 6.251325864988381)"
"2,012","835,761.0765","1,183,125.2014","2,243","327","POINT (-75.5614319352407 6.250077235556455)"
"2,012","835,093.5286","1,182,922.6821","3,592","326","POINT (-75.56746280031335 6.248246370694679)"
"2,012","837,899.51","1,182,848.54","3,060","325","POINT (-75.54211264616771 6.247575606024276)"
"2,012","835,194.792","1,182,382.0732","2,693","324","POINT (-75.56654793717189 6.243359015213026)"
"2,012","835,358.7636","1,182,312.9634","4,548","323","POINT (-75.56506657591305 6.242734232644728)"
"2,012","830,154.8227","1,181,531.3459","4,025","322","POINT (-75.61207961062438 6.235665931896311)"
"2,012","830,843.9297","1,180,377.7871","4,015","321","POINT (-75.60585332526749 6.225237736917764)"
"2,012","834,462.62","1,189,826.36","2,718","320","POINT (-75.57316362703384 6.310658812869509)"
"2,012","834,483.54","1,189,817.23","2,719","319","POINT (-75.57297460490656 6.310576276298149)"
"2,012","836,150.28","1,189,680.7087","3,430","318","POINT (-75.55791493893135 6.309342075341244)"
"2,012","833,979.4467","1,189,538.1358","2,731","317","POINT (-75.57752923437037 6.30805304379743)"
"2,012","833,870.53","1,189,495.01","2,730","316","POINT (-75.57851332667794 6.307663141758823)"
"2,012","833,947.11","1,189,387.13","2,399","315","POINT (-75.57782137452313 6.306687873142012)"
"2,012","836,379.24","1,189,375.46","3,664","314","POINT (-75.5558462437281 6.306582451899204)"
"2,012","836,283.93","1,189,335.63","3,593","313","POINT (-75.55670740788959 6.306222383981573)"
"2,012","836,408.52","1,189,326.94","1,526","312","POINT (-75.555581696713 6.30614380364193)"
"2,012","836,375.55","1,189,265.8","3,581","311","POINT (-75.55587960125197 6.305591074404322)"
"2,012","836,294.82","1,189,264.39","3,582","310","POINT (-75.5566090232893 6.305578339283786)"
"2,012","836,378.2","1,189,257.86","3,580","309","POINT (-75.55585565888114 6.305519292654343)"
"2,012","835,064.76","1,189,198.65","2,723","308","POINT (-75.56772301239182 6.304984076004444)"
"2,012","836,349.2","1,189,141.86","1,313","307","POINT (-75.55611770090411 6.304470602420817)"
"2,012","837,014.72","1,189,033.17","4,456","306","POINT (-75.55010455174518 6.303487859455742)"
"2,012","836,288.41","1,188,931.8","1,328","305","POINT (-75.55666698706432 6.302571569893475)"
"2,012","834,474.92","1,188,931.68","2,725","304","POINT (-75.57305236489772 6.302570485883463)"
"2,012","836,768.5096","1,188,927.6154","4,455","303","POINT (-75.5523291568594 6.302533653756695)"
"2,012","837,662.11","1,188,927.27","4,457","302","POINT (-75.54425523370779 6.302530277328113)"
"2,012","836,748.85","1,188,883.73","1,322","301","POINT (-75.55250679611136 6.30213691326098)"
"2,012","833,431.9748","1,188,876.185","2,721","300","POINT (-75.58247564293467 6.302068555036496)"
"2,012","836,303.2","1,188,819.87","1,282","299","POINT (-75.55653337155701 6.301559667861082)"
"2,012","835,320.9138","1,186,777.4592","1,696","239","POINT (-75.56540856026352 6.283095377823553)"
"2,012","835,336.49","1,186,773.8","1,693","238","POINT (-75.56526783025532 6.283062297051902)"
"2,012","826,946.36","1,186,718.96","5,030","237","POINT (-75.64107204770919 6.282561018990809)"
"2,012","837,182.27","1,186,682.65","1,364","236","POINT (-75.54859135111523 6.282238006671422)"
"2,012","835,180.21","1,186,565.91","1,861","235","POINT (-75.56667980367374 6.28118287059982)"
"2,012","832,628.61","1,186,544.38","3,053","234","POINT (-75.58973325526128 6.28098764744248)"
"2,012","830,458.84","1,186,542.39","3,039","233","POINT (-75.60933690980275 6.280968369917357)"
"2,012","836,673.04","1,186,456.01","4,541","232","POINT (-75.55319225022852 6.280189196296712)"
"2,012","827,312.3","1,186,377.93","5,027","231","POINT (-75.63776537756038 6.27947841402834)"
"2,012","827,993.5179","1,186,337.6205","5,026","230","POINT (-75.63161061301723 6.279114811167891)"
"2,012","836,519.72","1,186,322.36","4,016","229","POINT (-75.55457750283577 6.278980966206724)"
"2,012","832,097.19","1,186,292.88","3,038","228","POINT (-75.59453445348734 6.278713721074642)"
"2,012","835,614.5468","1,186,274.5111","5,132","227","POINT (-75.56275562312915 6.278548485997256)"
"2,012","835,427.1","1,186,157.51","1,699","226","POINT (-75.56444917932832 6.277490745051974)"
"2,012","827,790.08","1,186,136.45","5,028","225","POINT (-75.63344840977274 6.277295899491305)"
"2,012","836,874.21","1,186,129.07","4,796","224","POINT (-75.55137477823959 6.277233461259375)"
"2,012","829,179.93","1,186,112.34","3,041","223","POINT (-75.62089131855245 6.277079415638651)"
"2,012","835,461.29","1,186,062.13","2,208","222","POINT (-75.56414027936695 6.276628464568515)"
"2,012","835,513.67","1,186,050.66","5,128","221","POINT (-75.56366703545248 6.276524769482879)"
"2,012","835,486.2","1,186,036.92","1,606","220","POINT (-75.56391522228796 6.27640055392481)"
"2,012","835,514.2","1,186,006.92","2,206","219","POINT (-75.56366224791942 6.276129339264356)"
"2,012","835,616.19","1,186,008.3104","2,207","218","POINT (-75.56274078690005 6.276141906192682)"
"2,012","835,545.67","1,185,994.17","1,616","217","POINT (-75.56337792256562 6.276014072521)"
"2,012","834,988.17","1,185,969.65","2,012","216","POINT (-75.56841483034707 6.275792390534772)"
"2,012","835,575.2","1,185,915.92","5,125","215","POINT (-75.56311112687867 6.27530665482442)"
"2,012","835,482.83","1,185,900.7","1,684","214","POINT (-75.56394567184661 6.275169061002028)"
"2,012","837,384.65","1,185,890.58","1,365","213","POINT (-75.54676311114524 6.275077261075198)"
"2,012","835,508.0717","1,185,856.6108","1,680","212","POINT (-75.56371761901687 6.274770473406067)"
"2,012","835,620.33","1,185,833.09","1,632","211","POINT (-75.56270338935217 6.274557831070849)"
"2,012","835,128.12","1,185,829.15","2,228","210","POINT (-75.56715040306361 6.27452221127793)"
"2,012","835,666.54","1,185,809.3","3,069","209","POINT (-75.56228589278402 6.274342756370052)"
"2,012","834,403.84","1,185,808.97","5,124","208","POINT (-75.5736941170787 6.274339705937099)"
"2,012","836,511.17","1,185,805.8","4,020","207","POINT (-75.55465484206121 6.27431102194069)"
"2,012","835,149.33","1,185,805.26","2,229","206","POINT (-75.56695877433293 6.274306235209606)"
"2,012","835,867.16","1,185,790.81","3,070","205","POINT (-75.56047333541305 6.274175586012924)"
"2,012","835,628.54","1,185,763.02","2,210","204","POINT (-75.56262921645455 6.273924364946345)"
"2,012","835,686.97","1,185,752.85","1,368","203","POINT (-75.56210131481484 6.273832420832512)"
"2,012","835,621.79","1,185,738.61","1,308","202","POINT (-75.56269020213578 6.273703687303319)"
"2,012","835,639.95","1,185,732.79","1,377","201","POINT (-75.56252613085773 6.27365107105288)"
"2,012","835,208.1501","1,185,739.5462","1,864","200","POINT (-75.56642734560658 6.273712153316253)"
"2,012","835,645.19","1,185,723.93","1,378","199","POINT (-75.5624787890089 6.273570972264728)"
"2,012","835,237.53","1,185,719.7","1,863","198","POINT (-75.56616190437897 6.273532735026037)"
"2,012","834,486.47","1,185,713.27","2,235","197","POINT (-75.57294755941889 6.273474544779862)"
"2,012","835,571.53","1,185,670.2","1,301","196","POINT (-75.56314429198369 6.273085230367776)"
"2,012","835,300.63","1,185,664.17","2,234","195","POINT (-75.56559180958499 6.273030718733271)"
"2,012","835,524.16","1,185,660.66","1,299","194","POINT (-75.56357226898916 6.272998985512814)"
"2,012","835,645.3","1,185,657.83","1,369","193","POINT (-75.56247779792777 6.272973397118194)"
"2,012","835,645.3","1,185,657.83","2,209","192","POINT (-75.56247779792777 6.272973397118194)"
"2,012","833,842.22","1,185,630.94","3,153","191","POINT (-75.57876819100474 6.272730121791395)"
"2,012","835,645.19","1,185,630.93","1,370","190","POINT (-75.56247879286774 6.272730208449214)"
"2,012","835,668.19","1,185,623.93","1,304","189","POINT (-75.56227099374276 6.272666924162169)"
"2,012","835,353.49","1,185,610.6","2,025","188","POINT (-75.56511423177892 6.272546421116369)"
"2,012","835,363.23","1,185,602.97","2,227","187","POINT (-75.56502623324577 6.272477442352171)"
"2,012","835,854.55","1,185,525.46","1,371","186","POINT (-75.56058728368647 6.271776697937891)"
"2,012","835,729.1462","1,185,526.38","1,376","185","POINT (-75.56172027459817 6.271785023185829)"
"2,012","835,780.26","1,185,338.63","4,237","184","POINT (-75.56125848633589 6.270087671757374)"
"2,012","831,607.53","1,185,208.14","3,073","183","POINT (-75.59895782681531 6.268906893351559)"
"2,012","829,883.49","1,185,141.47","2,182","182","POINT (-75.61453394091828 6.268302929686995)"
"2,012","830,048.09","1,185,075.26","3,433","181","POINT (-75.61304677736481 6.267704497896795)"
"2,012","837,058.16","1,185,043.93","3,071","180","POINT (-75.54971310385926 6.267423239244913)"
"2,012","835,725.9","1,184,969.41","1,298","179","POINT (-75.56174963326683 6.266749752153426)"
"2,012","832,934.9328","1,184,920.8972","3,047","178","POINT (-75.58696504158493 6.266310721088424)"
"2,012","835,892.2","1,184,846.13","1,234","177","POINT (-75.56024717992507 6.265635231801425)"
"2,012","832,958.24","1,184,819.96","3,048","176","POINT (-75.58675443125532 6.265398210012846)"
"2,012","829,877.6014","1,184,758.5248","5,041","175","POINT (-75.61458681496227 6.264840919652942)"
"2,012","838,751.12","1,184,752.68","4,024","174","POINT (-75.53441792687552 6.264789540598594)"
"2,012","837,274.7623","1,184,718.655","1,367","173","POINT (-75.54775627011992 6.264482540101985)"
"2,012","837,656.85","1,184,715.42","1,361","172","POINT (-75.54430425548207 6.264453170832529)"
"2,012","836,435.41","1,184,646.18","4,026","171","POINT (-75.55533950804951 6.263827523630904)"
"2,012","837,626.09","1,184,643.8","1,362","170","POINT (-75.54458218528586 6.263805703055607)"
"2,012","830,943.71","1,184,550.13","2,181","169","POINT (-75.60495478259048 6.262957751672427)"
"2,012","837,058.91","1,184,459.02","1,366","168","POINT (-75.54970648064415 6.262135377079193)"
"2,012","829,082.13","1,184,234.85","3,784","167","POINT (-75.62177308631107 6.260105926983581)"
"2,012","829,601.29","1,184,187.99","2,183","166","POINT (-75.61708267192832 6.259682775260921)"
"2,012","836,099.8328","1,184,143.4223","1,534","165","POINT (-75.55837137187012 6.259282403297786)"
"2,012","834,877.2","1,184,131.37","2,251","164","POINT (-75.56941727996109 6.259173465604263)"
"2,012","833,612.22","1,184,060.97","1,532","163","POINT (-75.58084575422397 6.258536794577653)"
"2,012","835,156.4083","1,183,914.2659","2,398","162","POINT (-75.5668947580691 6.257210757881473)"
"2,012","834,891.75","1,183,898.63","2,014","161","POINT (-75.56928581002309 6.257069387464818)"
"2,012","834,742.34","1,183,894.86","2,233","160","POINT (-75.57063565264832 6.257035291910502)"
"2,012","834,747.44","1,183,893.97","2,237","159","POINT (-75.57058957667032 6.257027246391113)"
"2,012","834,865.2","1,183,892.96","2,264","158","POINT (-75.56952567525337 6.25701812593955)"
"2,012","834,753.64","1,183,892.95","2,238","157","POINT (-75.57053356274417 6.257018025712886)"
"2,012","834,860.2","1,183,865.97","2,261","156","POINT (-75.56957084552133 6.256774123224663)"
"2,012","834,860.81","1,183,863.47","2,248","155","POINT (-75.56956533428516 6.256751522095711)"
"2,012","828,585.62","1,183,861.26","2,180","154","POINT (-75.62625843215807 6.256727994768104)"
"2,012","834,894","1,183,857.01","2,263","153","POINT (-75.56926547929118 6.256693123225308)"
"2,012","834,902.99","1,183,852.78","3,428","152","POINT (-75.56918425898102 6.256654882700057)"
"2,012","834,717.84","1,183,841.51","2,265","151","POINT (-75.57085699214042 6.256552980317916)"
"2,012","829,728.4242","1,183,832.7025","3,113","150","POINT (-75.6159337619683 6.256470921227761)"
"2,012","834,862.76","1,183,830.13","2,013","149","POINT (-75.56954771437202 6.256450112944028)"
"2,012","834,822.26","1,183,829.89","2,019","148","POINT (-75.56991361072404 6.256447939872543)"
"2,012","834,871.14","1,183,828.72","2,026","147","POINT (-75.56947200533243 6.25643736654296)"
"2,012","834,848.2238","1,183,824.4493","2,262","146","POINT (-75.56967904088827 6.256398755563449)"
"2,012","834,885.7","1,183,812.76","2,015","145","POINT (-75.56934046210961 6.256293081750175)"
"2,012","834,923.6573","1,183,813.4809","2,177","144","POINT (-75.56899753785821 6.256299601808397)"
"2,012","834,948.64","1,183,809.91","2,231","143","POINT (-75.56877183202238 6.256267320899872)"
"2,012","834,948.88","1,183,801.39","2,232","142","POINT (-75.56876966317988 6.256190296101779)"
"2,012","834,938.19","1,183,779.97","2,230","141","POINT (-75.56886624024104 6.255996648490685)"
"2,012","834,958.42","1,183,757.53","2,250","140","POINT (-75.56868347143791 6.255793781664983)"
"2,012","834,899.16","1,183,757.04","2,240","139","POINT (-75.56921885391998 6.255789347710876)"
"2,012","834,825.4","1,183,715.47","2,396","138","POINT (-75.56988523263543 6.255413529434946)"
"2,012","834,702.67","1,183,616.82","2,397","137","POINT (-75.5709940216273 6.254521675290768)"
"2,012","835,236.91","1,183,593.34","4,798","136","POINT (-75.56616745909152 6.254309438812636)"
"2,012","835,256.07","1,183,589.1","4,793","135","POINT (-75.56599435911008 6.254271107606682)"
"2,012","828,220.09","1,183,587.08","3,782","134","POINT (-75.62956050205959 6.254248884007609)"
"2,012","835,252.75","1,183,581.44","4,792","133","POINT (-75.56602435330429 6.254201857534002)"
"2,012","835,262.43","1,183,578.94","4,795","132","POINT (-75.56593689988252 6.254179256537419)"
"2,012","834,733.9833","1,183,531.1792","2,178","131","POINT (-75.57071111476561 6.253747445308641)"
"2,012","830,654.82","1,183,411.33","2,185","130","POINT (-75.60756394998356 6.252662258528109)"
"2,012","833,513.71","1,183,318.24","1,372","129","POINT (-75.58173552921896 6.251822137788473)"
"2,012","833,444.65","1,183,310.59","1,536","128","POINT (-75.5823594425109 6.251752957895221)"
"2,012","833,444.65","1,183,310.59","1,000","127","POINT (-75.5823594425109 6.251752957895221)"
"2,012","833,440.74","1,183,302.56","1,535","126","POINT (-75.58239476459191 6.251680361741246)"
"2,012","828,955.33","1,183,299.44","3,112","125","POINT (-75.62291773340492 6.251649255149911)"
"2,012","829,084.39","1,183,274.7","3,110","124","POINT (-75.62175173012413 6.251425720825777)"
"2,012","837,254.25","1,183,264.46","3,065","123","POINT (-75.54794201441878 6.251335938165567)"
"2,012","833,484.26","1,183,210.38","1,293","122","POINT (-75.58200156057109 6.25084702401022)"
"2,012","833,585.19","1,183,208.05","1,314","121","POINT (-75.5810897197319 6.25082598849753)"
"2,012","833,540.62","1,183,203.68","1,239","120","POINT (-75.5814923808827 6.250786469121667)"
"2,012","828,480.31","1,183,199.02","3,785","119","POINT (-75.62720914464879 6.250740921661079)"
"2,012","828,885.77","1,183,136.51","3,427","118","POINT (-75.62354600189217 6.250176221706924)"
"2,012","833,455.8835","1,183,129.2054","1,289","117","POINT (-75.5822579005089 6.250113159005537)"
"2,012","829,123.14","1,183,036.73","3,783","116","POINT (-75.62140141655902 6.249274397518458)"
"2,012","833,465.91","1,183,029.49","1,263","115","POINT (-75.58216728782493 6.249211687784397)"
"2,012","832,834.9949","1,183,035.9257","2,186","114","POINT (-75.58786720078169 6.249269652110124)"
"2,012","833,459.32","1,183,020.59","1,375","113","POINT (-75.58222682156966 6.249131225638362)"
"2,012","833,417.83","1,183,014.56","1,374","112","POINT (-75.58260165503067 6.249076699147553)"
"2,012","833,421.22","1,183,012.99","1,373","111","POINT (-75.5825710281016 6.249062506635099)"
"2,012","837,939.0461","1,182,997.9026","3,059","110","POINT (-75.54175540485843 6.248925898761828)"
"2,012","834,130.51","1,182,931.31","2,226","109","POINT (-75.57616303708524 6.248324256786821)"
"2,012","833,436.52","1,182,912.74","1,326","108","POINT (-75.58243277233517 6.2481562040181)"
"2,012","834,130.23","1,182,912.15","2,241","107","POINT (-75.57616556299163 6.248151041305858)"
"2,012","837,941.73","1,182,902.1","3,056","106","POINT (-75.54173119564027 6.248059797058698)"
"2,012","834,372.28","1,182,900.28","2,218","105","POINT (-75.57397880013073 6.248043773120491)"
"2,012","838,175.34","1,182,895.48","3,063","104","POINT (-75.53962068766633 6.247999852309295)"
"2,012","833,467.4358","1,182,890.9959","1,379","103","POINT (-75.58215346216738 6.247959636322557)"
"2,012","837,096.36","1,182,869.21","3,058","102","POINT (-75.54936855962515 6.24776273582615)"
"2,012","833,469.32","1,182,869.08","1,381","101","POINT (-75.58213643319066 6.247761506817971)"
"2,012","834,349.8","1,182,868.64","2,246","100","POINT (-75.57418188691413 6.247757729075677)"
"2,012","833,469.44","1,182,867.08","1,380","99","POINT (-75.58213534847918 6.247743425911144)"
"2,012","834,361.2","1,182,847.99","2,247","98","POINT (-75.57407889230444 6.247571045150835)"
"2,012","829,323.42","1,182,827.38","3,432","97","POINT (-75.6195918193809 6.247381965562719)"
"2,012","833,969.2","1,182,820.99","2,225","96","POINT (-75.57762034218544 6.247326878858521)"
"2,012","828,921.81","1,182,789.03","5,049","95","POINT (-75.62322005530599 6.247034874890499)"
"2,012","834,355.08","1,182,783.57","2,215","94","POINT (-75.57413417215793 6.246988657034501)"
"2,012","834,418.2","1,182,774.99","2,212","93","POINT (-75.57356392485553 6.246911099476877)"
"2,012","834,346.52","1,182,761.15","2,214","92","POINT (-75.57421150231589 6.24678596831088)"
"2,012","834,357.03","1,182,710.28","2,217","91","POINT (-75.57411654363625 6.246326081213637)"
"2,012","834,368.99","1,182,705.85","2,216","90","POINT (-75.57400849265967 6.246286033805294)"
"2,012","834,379.7322","1,182,687.4755","2,213","89","POINT (-75.57391144151516 6.246119921337083)"
"2,012","829,073.55","1,182,660.53","3,431","88","POINT (-75.62184906251633 6.245873324108236)"
"2,012","837,451.94","1,182,618.34","3,064","87","POINT (-75.54615621344918 6.245494648585636)"
"2,012","836,419.2","1,182,475.77","3,068","86","POINT (-75.55548630947472 6.244205997308573)"
"2,012","835,203.51","1,182,473.93","2,253","85","POINT (-75.56646917903988 6.244189444203739)"
"2,012","835,209.4781","1,182,415.8099","2,255","84","POINT (-75.5664152601017 6.243664011276405)"
"2,012","836,508.29","1,182,400.44","3,062","83","POINT (-75.55468145969711 6.243524963666101)"
"2,012","835,456.25","1,182,391.35","4,130","82","POINT (-75.56418585913737 6.243442884004016)"
"2,012","835,028.5236","1,182,330.278","2,267","81","POINT (-75.56805004528263 6.242890755336593)"
"2,012","836,645.24","1,182,321.39","3,067","80","POINT (-75.55344423376438 6.242810289044631)"
"2,012","835,140.18","1,182,314.99","2,254","79","POINT (-75.56704131336085 6.242752549696347)"
"2,012","834,944.1567","1,182,292.764","4,547","78","POINT (-75.5688122340655 6.242551605983345)"
"2,012","834,966.78","1,182,298.96","2,260","77","POINT (-75.56860785014041 6.242607622223235)"
"2,012","834,815.45","1,182,291.75","2,193","76","POINT (-75.56997500118642 6.242542429015147)"
"2,012","837,613.47","1,182,287.44","3,057","75","POINT (-75.54469701910001 6.242503102871622)"
"2,012","834,411.46","1,182,173.15","2,188","74","POINT (-75.5736247259485 6.241470181325998)"
"2,012","835,119.12","1,182,165.32","2,252","73","POINT (-75.56723156851022 6.241399461570967)"
"2,012","837,751.12","1,182,099.85","3,061","72","POINT (-75.54345352501556 6.240807151846807)"
"2,012","835,994.0563","1,182,088.7221","4,542","71","POINT (-75.55932720861537 6.240706956387238)"
"2,012","834,342.68","1,182,021.44","2,720","70","POINT (-75.57424607535954 6.240098640795664)"
"2,012","835,906.1479","1,182,016.545","3,054","69","POINT (-75.56012139731087 6.240054449168234)"
"2,012","836,151.16","1,182,009.99","3,029","68","POINT (-75.55790791047683 6.239995164247397)"
"2,012","834,331.49","1,181,989.09","2,194","67","POINT (-75.57434716278927 6.239806179751866)"
"2,012","836,212.23","1,181,894.46","3,030","66","POINT (-75.55735620702785 6.238950711032238)"
"2,012","836,915.81","1,181,560.33","3,031","65","POINT (-75.55100001938104 6.23592988941814)"
"2,012","838,043.02","1,181,431.08","3,036","64","POINT (-75.54081671489287 6.234761042266476)"
"2,012","838,043.02","1,181,431.08","3,037","63","POINT (-75.54081671489287 6.234761042266476)"
"2,012","836,192.51","1,181,383.3","3,066","62","POINT (-75.5575344253998 6.234329586321106)"
"2,012","830,166.57","1,181,300.4","4,029","61","POINT (-75.61197329787561 6.233578081635207)"
"2,012","833,485.19","1,181,276.54","3,660","60","POINT (-75.58199259146333 6.233364199588922)"
"2,012","833,581.2","1,181,276.02","3,661","59","POINT (-75.58112522904506 6.233359525948527)"
"2,012","831,815.95","1,181,270.25","4,023","58","POINT (-75.59707264006543 6.233306630690089)"
"2,012","833,475.42","1,181,243.38","3,663","57","POINT (-75.58208084468993 6.233064414697591)"
"2,012","824,899.2532","1,175,744.482","4,995","56","POINT (-75.65954972305589 6.183343573500761)"
"2,012","834,905.19","1,183,823.97","2,016","55","POINT (-75.56916438100329 6.256394426888191)"
"2,012","838,482.13","1,181,153.15","5,123","54","POINT (-75.53684988178746 6.232248228257705)"
"2,012","830,038.79","1,181,084.4","4,017","53","POINT (-75.61312749504579 6.231625235598553)"
"2,012","831,860.78","1,180,930.92","1,363","52","POINT (-75.59666745760974 6.230238952168879)"
"2,012","833,270.06","1,180,796.88","2,683","51","POINT (-75.58393593728805 6.229027780624198)"
"2,012","833,360.98","1,180,791.94","2,709","50","POINT (-75.58311456369735 6.228983149709596)"
"2,012","834,508.04","1,180,770.97","2,687","49","POINT (-75.57275201198514 6.228793827241506)"
"2,012","833,530.01","1,180,761.15","4,990","48","POINT (-75.5815875365773 6.228704844143326)"
"2,012","831,923.67","1,180,718.07","2,270","47","POINT (-75.5960991938538 6.228314721801635)"
"2,012","830,828.34","1,180,701.74","4,021","46","POINT (-75.60599438947747 6.228166412804785)"
"2,012","834,424.76","1,180,650.27","2,708","45","POINT (-75.57350434608614 6.227702630625497)"
"2,012","834,459.37","1,180,592.12","2,728","44","POINT (-75.57319167157696 6.227176932242865)"
"2,012","832,209.6698","1,180,522.6386","3,665","43","POINT (-75.59351537703598 6.226548076378493)"
"2,012","833,563.3","1,180,503.15","4,022","42","POINT (-75.58128672224996 6.226372412024419)"
"2,012","833,366.77","1,180,490.08","4,991","41","POINT (-75.58306216295311 6.22625419489838)"
"2,012","831,665.23","1,180,460.05","2,269","40","POINT (-75.5984337918087 6.225981956170347)"
"2,012","833,106.92","1,180,414.2","2,696","39","POINT (-75.58540961110732 6.225568117868215)"
"2,012","832,915.36","1,180,404.34","2,705","38","POINT (-75.58714015069087 6.225478908677309)"
"2,012","832,884.88","1,180,386.48","3,662","37","POINT (-75.58741549854068 6.225317434178345)"
"2,012","830,803.25","1,180,369.05","2,271","36","POINT (-75.60622081721063 6.225158720757488)"
"2,012","833,243.9","1,180,346.79","2,695","35","POINT (-75.58417211849951 6.22495874638841)"
"2,012","832,916.9","1,180,331.72","2,706","34","POINT (-75.5871262107989 6.224822390250358)"
"2,012","832,921.25","1,180,325.01","3,659","33","POINT (-75.587086910628 6.2247617303439)"
"2,012","832,993.65","1,180,212.5","2,707","32","POINT (-75.58643281225346 6.223744614049714)"
"2,012","830,005.3","1,180,110.54","5,042","31","POINT (-75.61342923695149 6.222821054636687)"
"2,012","829,699.4","1,180,039.91","5,043","30","POINT (-75.61619264574955 6.222182264693194)"
"2,012","833,796.19","1,179,559.05","4,235","29","POINT (-75.57918257194487 6.217837364426365)"
"2,012","833,275.5","1,179,226.36","2,729","28","POINT (-75.58388628237905 6.214829541676577)"
"2,012","831,292.31","1,179,191.27","3,579","27","POINT (-75.60180193466599 6.214511362267783)"
"2,012","831,373.69","1,179,051.59","2,268","26","POINT (-75.60106668098634 6.213248640182902)"
"2,012","831,295.49","1,178,747.38","3,578","25","POINT (-75.60177292794077 6.210498389547187)"
"2,012","832,805.31","1,178,462.45","2,689","24","POINT (-75.58813356588009 6.207923265329901)"
"2,012","833,167.5","1,178,292.87","2,688","23","POINT (-75.58486161105955 6.206390316248442)"
"2,012","833,175.15","1,178,290.79","2,694","22","POINT (-75.58479250314413 6.20637151468025)"
"2,012","832,709.19","1,177,581.09","2,697","21","POINT (-75.58900151802048 6.199955316723995)"
"2,012","832,527.36","1,177,334.75","4,234","20","POINT (-75.5906439736018 6.197728209434861)"
"2,012","833,373.18","1,177,321.09","4,236","19","POINT (-75.58300327577615 6.197605034285322)"
"2,012","832,655.8","1,177,200.84","4,233","18","POINT (-75.58948365804727 6.196517655313182)"
"2,012","832,362.56","1,176,886.33","3,055","17","POINT (-75.5921324823495 6.193674206593367)"
"2,012","825,215.53","1,176,122.52","4,996","16","POINT (-75.65669331146727 6.186761720023151)"
"2,012","834,900.19","1,183,842.04","2,239","15","POINT (-75.56920955473244 6.256557787833488)"
"2,012","834,922.59","1,183,808.81","2,249","14","POINT (-75.56900718002348 6.256257374596593)"
"2,012","834,940.47","1,183,810.17","2,266","13","POINT (-75.56884564370246 6.256269670873831)"
"2,012","835,329.5861","1,186,802.0184","5,130","12","POINT (-75.56533020676811 6.283317404633874)"
"2,012","830,480.61","1,184,086.32","3,114","11","POINT (-75.60913834832286 6.25876435650791)"
"2,012","830,452.6","1,184,078.95","3,584","10","POINT (-75.60939139953439 6.258697706955286)"
"2,012","835,322.87","1,186,785.24","1,694","9","POINT (-75.56539088618763 6.283165719938528)"
"2,012","826,080.37","1,176,104.24","5,031","8","POINT (-75.648880936435 6.186597761829809)"
"2,012","825,250.32","1,176,073.17","4,994","7","POINT (-75.65637896665908 6.186315627366585)"
"2,012","826,090.09","1,175,948.38","4,993","6","POINT (-75.64879291073112 6.185188727971489)"
"2,012","825,334.04","1,175,945.24","4,992","5","POINT (-75.65562250321439 6.185159210504053)"
"2,012","826,605.09","1,175,870.33","5,045","4","POINT (-75.64414067598862 6.184483838566049)"
"2,012","825,519.3504","1,175,863.6262","5,044","3","POINT (-75.65394842255242 6.184421668542724)"
"2,012","825,128.63","1,175,848.33","5,046","2","POINT (-75.65747787293394 6.184282776060714)"
"2,012","827,509.56","1,174,892.72","5,048","1","POINT (-75.63596919330914 6.175646947688579)"
"2,012","833,421.97","1,188,798.5","2,400","298","POINT (-75.58256601517768 6.301366243016141)"
"2,012","837,828.13","1,188,794.79","4,824","297","POINT (-75.54275524850168 6.301332534945157)"
"2,012","837,569.66","1,188,762.41","4,830","296","POINT (-75.54509060115252 6.30103989724717)"
"2,012","837,957.69","1,188,694.84","4,458","295","POINT (-75.54158468157607 6.300428889471831)"
"2,012","837,935.44","1,188,692.16","4,459","294","POINT (-75.54178571665422 6.3004046698464)"
"2,012","836,905.7904","1,188,650.3417","4,832","293","POINT (-75.55108885361604 6.300026937906282)"
"2,012","837,997.84","1,188,492.25","4,460","292","POINT (-75.54122199979676 6.298597364283816)"
"2,012","835,266.7692","1,188,257.4842","3,429","291","POINT (-75.565897779154 6.296475500406119)"
"2,012","835,012.13","1,188,253.68","2,726","290","POINT (-75.56819848686715 6.296441099225069)"
"2,012","833,797.3","1,188,250.49","3,152","289","POINT (-75.5791746783962 6.296412077123334)"
"2,012","837,498.67","1,188,229.64","4,828","288","POINT (-75.54573218988115 6.296223429107288)"
"2,012","836,000.83","1,188,199.12","1,292","287","POINT (-75.55926542223669 6.295947831571447)"
"2,012","836,009.17","1,188,175.11","1,291","286","POINT (-75.55919007137766 6.295730769051506)"
"2,012","835,987.67","1,188,123.73","1,294","285","POINT (-75.55938433210007 6.295266271705516)"
"2,012","835,937.8144","1,188,119.7072","1,296","284","POINT (-75.5598347851273 6.295229908202256)"
"2,012","836,606.19","1,188,110.88","4,826","283","POINT (-75.55379591543065 6.295150013802898)"
"2,012","837,829.68","1,188,097.67","1,316","282","POINT (-75.54274151093264 6.295030241119057)"
"2,012","837,010.1722","1,188,006.3446","4,823","281","POINT (-75.5501459043167 6.294204875213989)"
"2,012","834,315.51","1,187,988.3","3,594","280","POINT (-75.57449252105025 6.294041861975376)"
"2,012","837,861.99","1,187,974.14","1,382","279","POINT (-75.54244963338492 6.293913459390169)"
"2,012","835,786.3737","1,187,967.6206","1,527","278","POINT (-75.56120308370824 6.293854985008649)"
"2,012","833,677.32","1,187,945.1","3,585","277","POINT (-75.58025863654159 6.29365117718438)"
"2,012","837,488.2152","1,187,937.496","4,829","276","POINT (-75.54582674698781 6.293582313127366)"
"2,012","837,833.83","1,187,863.89","1,383","275","POINT (-75.5427041047427 6.292916758202254)"
"2,012","836,825.7","1,187,852.51","4,454","274","POINT (-75.55181266914863 6.292814181872235)"
"2,012","835,995.95","1,187,825.83","3,583","273","POINT (-75.5593095498064 6.292573114568805)"
"2,012","832,355.47","1,187,785.4483","3,051","272","POINT (-75.59220163334055 6.292207367637201)"
"2,012","832,376.8","1,187,779.06","3,052","271","POINT (-75.59200891178787 6.29214962433401)"
"2,012","834,428.7321","1,187,725.9583","2,733","270","POINT (-75.57346950620867 6.291670187035)"
"2,012","832,280.8629","1,187,716.3074","3,027","269","POINT (-75.59287568206943 6.291582266010236)"
"2,012","833,911.61","1,187,702.07","3,151","268","POINT (-75.57814174280884 6.291454128890939)"
"2,012","837,317.48","1,187,648.36","4,831","267","POINT (-75.54736944719005 6.290968440919051)"
"2,012","834,755.15","1,187,645.22","2,724","266","POINT (-75.57052028491185 6.290940314482575)"
"2,012","837,703.84","1,187,587.78","4,827","265","POINT (-75.54387867846799 6.290420641772737)"
"2,012","834,378.82","1,187,531.87","2,735","264","POINT (-75.57392043597405 6.289915529835163)"
"2,012","834,610.38","1,187,531.11","3,072","263","POINT (-75.57182827864153 6.289908690739434)"
"2,012","836,507.79","1,187,497.66","4,825","262","POINT (-75.55468508182484 6.289606234026613)"
"2,012","831,988.87","1,187,493.83","3,028","261","POINT (-75.5955137445262 6.289570819000446)"
"2,012","832,357.75","1,187,361.88","3,050","260","POINT (-75.59218083358147 6.288378111712698)"
"2,012","838,306.98","1,187,359.5","1,283","259","POINT (-75.53842937472949 6.288356637978392)"
"2,012","836,666.18","1,187,294.89","4,019","258","POINT (-75.55325406111827 6.287773068092477)"
"2,012","832,830.16","1,187,231.25","3,026","257","POINT (-75.58791254404095 6.287197358438241)"
"2,012","836,079.58","1,187,215.05","4,018","256","POINT (-75.55855401117807 6.287051367082784)"
"2,012","838,224.73","1,187,174.63","1,251","255","POINT (-75.53917258785275 6.286685362809305)"
"2,012","835,424.1037","1,187,089.1958","1,528","254","POINT (-75.5644762438182 6.285913623655659)"
"2,012","832,091.24","1,187,092.2","3,049","253","POINT (-75.59458862057646 6.285939947439814)"
"2,012","835,366.51","1,187,075.05","1,253","252","POINT (-75.5649966020369 6.285785739107477)"
"2,012","835,370.21","1,187,048.34","1,862","251","POINT (-75.56496317256348 6.285544268129334)"
"2,012","833,940.23","1,186,989.91","2,732","250","POINT (-75.5778829989287 6.285015873397649)"
"2,012","833,940.23","1,186,989.91","3,040","249","POINT (-75.5778829989287 6.285015873397649)"
"2,012","835,560.46","1,186,930.05","1,700","248","POINT (-75.56324427113546 6.284474868247862)"
"2,012","837,058.13","1,186,891.29","4,028","247","POINT (-75.54971289170852 6.284124244008029)"
"2,012","835,279.11","1,186,873.09","1,697","246","POINT (-75.56578625644303 6.283959924802156)"
"2,012","835,362.32","1,186,861.36","1,529","245","POINT (-75.56503445807283 6.283853880821325)"
"2,012","836,798.9","1,186,837.67","4,027","244","POINT (-75.55205503487583 6.283639556087589)"
"2,012","835,352.12","1,186,815.32","5,126","243","POINT (-75.5651266143722 6.283437657496451)"
"2,012","835,291.04","1,186,810.88","1,698","242","POINT (-75.56567846861805 6.283397517265491)"
"2,012","835,310.21","1,186,807.91","1,530","241","POINT (-75.56550526874607 6.283370667297553)"
"2,012","835,287.58","1,186,794.92","1,695","240","POINT (-75.56570972929113 6.283253231298364)"
